pairing_id,erosion_3_ap,return_slope_ap,paired_difference,positive_checkpoints
5000,0.9761904761904763,0.6711082455763308,0.3050822306141455,6
5001,0.9102564102564102,0.7227777777777779,0.1874786324786324,6
5002,0.9583333333333334,0.7918300653594771,0.16650326797385628,6
5003,0.9761904761904763,0.7299603174603174,0.24623015873015885,6
5004,1.0,0.7604617604617605,0.2395382395382395,6
5005,0.9484126984126985,0.6338080959520239,0.31460460246067457,6
5006,1.0,0.7080571137174911,0.29194288628250886,6
5007,1.0,0.9242424242424242,0.0757575757575758,6

